{
  "zone_polygon": [
    [
      0.2375,
      0.8611111111111112
    ],
    [
      0.4125,
      0.6284722222222222
    ],
    [
      0.5972222222222222,
      0.7291666666666666
    ],
    [
      0.5958333333333333,
      0.8489583333333334
    ],
    [
      0.55,
      0.9791666666666666
    ],
    [
      0.5,
      0.9704861111111112
    ]
  ],
  "absolute_coords": [
    [
      171,
      496
    ],
    [
      297,
      362
    ],
    [
      430,
      420
    ],
    [
      429,
      489
    ],
    [
      396,
      564
    ],
    [
      360,
      559
    ]
  ],
  "frame_size": {
    "width": 720,
    "height": 576
  }
}